site,day,temperature_c,humidity,vibration_index,sparse_count_a,sparse_count_b,risk_score
estuary,1,27.428,0.883,0.443,9,0,17.828
estuary,2,21.035,0.82,0.983,0,3,15.64
estuary,3,24.043,0.689,0.969,0,2,14.253
estuary,4,30.82,0.661,0.825,11,3,19.922
estuary,5,27.2,0.863,0.794,8,0,15.075
estuary,6,23.426,0.807,1.257,7,0,18.397
estuary,7,25.534,0.763,0.611,6,1,16.185
estuary,8,22.899,0.766,0.771,5,1,14.873
estuary,9,24.51,0.681,0.976,10,9,15.852
estuary,10,27.455,0.692,0.725,0,4,16.066
estuary,11,24.321,0.729,0.399,1,0,14.327
estuary,12,20.865,0.63,1.122,6,5,13.772
estuary,13,22.533,0.862,1.11,5,0,18.967
estuary,14,24.731,0.704,0.579,2,1,15.292
estuary,15,31.845,0.69,1.165,8,0,17.488
estuary,16,21.456,0.697,1.028,0,2,15.083
estuary,17,20.946,0.81,0.613,0,0,12.079
estuary,18,22.353,0.694,1.308,0,0,13.958
estuary,19,24.014,0.693,0.751,5,2,13.655
estuary,20,23.305,0.654,0.891,4,5,18.103
estuary,21,21.068,0.784,0.453,5,0,14.095
estuary,22,18.487,0.7,1.229,5,0,16.86
estuary,23,24.06,0.923,0.791,14,1,19.548
estuary,24,23.362,0.968,1.012,2,4,18.023
estuary,25,15.265,0.761,0.885,9,3,14.652
estuary,26,20.635,0.707,0.968,0,4,13.794
estuary,27,26.493,0.826,1.207,5,4,19.613
estuary,28,23.443,0.787,1.069,1,2,15.749
estuary,29,22.873,0.68,1.402,3,7,18.979
estuary,30,24.724,0.742,1.085,1,1,17.129
estuary,31,17.555,0.817,0.688,6,3,16.104
estuary,32,23.556,0.716,0.403,6,7,17.158
estuary,33,23.001,0.658,0.896,4,1,14.968
estuary,34,22.217,0.821,0.843,1,1,14.62
estuary,35,22.524,0.846,0.643,0,7,17.747
estuary,36,16.34,0.644,0.866,3,1,14.696
estuary,37,22.474,0.769,1.09,1,1,15.844
estuary,38,26.903,0.73,0.968,1,0,18.622
estuary,39,18.393,0.913,0.733,0,1,16.457
estuary,40,19.482,0.676,0.28,1,1,13.266
estuary,41,25.387,0.727,0.949,1,1,12.339
estuary,42,27.78,0.602,0.681,0,1,15.534
estuary,43,21.165,0.611,0.447,2,3,12.272
estuary,44,28.499,0.806,1.152,3,1,22.291
estuary,45,23.95,0.826,1.117,1,7,18.194
estuary,46,26.012,0.832,0.691,3,3,16.723
estuary,47,24.812,0.649,0.825,1,2,13.134
estuary,48,22.736,0.769,1.107,1,1,16.717
estuary,49,25.083,0.784,1.042,0,3,20.062
estuary,50,27.039,0.74,1.294,1,3,16.245
estuary,51,22.255,0.863,0.912,0,0,17.942
estuary,52,14.117,0.83,1.042,6,2,16.897
estuary,53,30.544,0.965,1.112,20,3,22.519
estuary,54,21.723,0.594,1.008,12,1,14.175
estuary,55,18.763,0.622,0.786,1,7,12.794
estuary,56,23.675,0.692,0.801,7,1,17.507
estuary,57,19.534,0.743,1.099,5,1,15.028
estuary,58,24.722,0.73,0.537,0,0,16.304
estuary,59,21.351,0.665,0.628,3,6,13.167
estuary,60,19.885,0.686,0.74,2,1,14.491
forest,1,21.223,0.286,0.524,6,0,7.14
forest,2,24.517,0.192,0.543,0,3,9.523
forest,3,16.391,0.218,0.621,1,0,10.541
forest,4,21.561,0.359,0.55,8,4,11.509
forest,5,24.13,0.285,0.476,1,0,7.406
forest,6,25.156,0.071,0.556,9,2,10.181
forest,7,19.831,0.1,0.93,1,0,10.853
forest,8,24.019,0.248,0.252,0,2,4.475
forest,9,27.012,0.202,0.4,1,13,9.34
forest,10,26.167,0.236,0.738,3,1,8.133
forest,11,24.192,0.211,0.616,2,2,6.88
forest,12,20.536,0.132,0.372,0,3,5.209
forest,13,21.75,0.36,0.318,2,0,10.497
forest,14,23.016,0.257,0.8,8,11,5.971
forest,15,20.153,0.241,0.56,6,2,6.005
forest,16,17.296,0.186,0.603,0,1,8.679
forest,17,25.545,0.158,0.0,7,0,11.394
forest,18,24.137,0.305,0.12,0,5,6.856
forest,19,21.405,0.212,0.276,0,4,8.533
forest,20,18.458,0.169,0.539,3,3,6.21
forest,21,18.71,0.284,0.67,3,9,6.999
forest,22,23.102,0.21,0.512,0,0,6.758
forest,23,16.429,0.302,0.666,6,2,8.988
forest,24,19.408,0.122,0.205,5,2,9.184
forest,25,21.68,0.159,0.847,4,4,9.051
forest,26,20.443,0.333,0.541,3,1,12.314
forest,27,25.177,0.258,0.604,2,1,10.887
forest,28,17.104,0.203,0.527,7,3,10.845
forest,29,18.222,0.079,0.486,1,1,5.479
forest,30,21.432,0.206,0.219,2,0,8.448
forest,31,23.103,0.249,0.194,3,0,11.271
forest,32,20.805,0.351,0.472,2,0,7.692
forest,33,20.076,0.257,0.762,2,3,6.541
forest,34,27.176,0.248,0.273,7,5,7.132
forest,35,28.87,0.091,0.764,4,0,10.624
forest,36,21.368,0.192,0.195,5,7,6.365
forest,37,16.596,0.054,0.961,0,0,6.598
forest,38,19.892,0.233,0.095,3,0,6.498
forest,39,21.628,0.072,1.016,1,1,9.635
forest,40,22.246,0.307,0.409,1,1,8.597
forest,41,21.664,0.206,0.645,8,0,8.983
forest,42,21.986,0.108,0.473,15,0,9.317
forest,43,23.691,0.197,0.479,2,2,11.63
forest,44,20.936,0.197,0.871,1,7,6.366
forest,45,22.27,0.148,0.131,3,0,6.408
forest,46,25.201,0.294,0.404,12,5,10.429
forest,47,21.217,0.218,0.494,6,3,11.641
forest,48,21.708,0.225,0.643,3,4,9.076
forest,49,23.453,0.215,0.265,12,1,9.477
forest,50,15.055,0.268,0.422,0,2,4.303
forest,51,18.057,0.29,0.224,3,1,5.223
forest,52,26.644,0.144,0.394,1,8,8.583
forest,53,19.405,0.199,0.856,7,3,8.216
forest,54,19.798,0.251,0.23,3,1,6.021
forest,55,24.095,0.446,0.681,1,1,11.196
forest,56,18.553,0.297,0.395,4,1,5.119
forest,57,21.013,0.058,0.621,0,0,5.18
forest,58,20.052,0.223,0.878,4,1,7.591
forest,59,24.925,0.172,0.636,0,3,12.279
forest,60,25.307,0.14,0.637,0,0,9.16
marsh,1,25.949,0.462,0.897,3,0,16.436
marsh,2,21.456,0.609,0.993,12,0,16.775
marsh,3,21.701,0.549,1.09,0,1,14.138
marsh,4,23.734,0.559,1.236,0,8,15.511
marsh,5,23.004,0.624,1.074,2,2,18.213
marsh,6,28.475,0.504,1.511,3,0,15.112
marsh,7,28.617,0.498,1.345,10,0,19.437
marsh,8,28.759,0.525,1.338,3,0,18.447
marsh,9,24.189,0.419,1.183,6,1,16.372
marsh,10,20.733,0.588,1.154,17,0,18.408
marsh,11,26.758,0.457,1.29,0,3,14.116
marsh,12,19.073,0.636,0.601,7,0,16.523
marsh,13,26.236,0.538,1.202,0,8,18.741
marsh,14,22.667,0.609,1.022,3,5,14.51
marsh,15,24.929,0.624,1.386,1,0,17.869
marsh,16,24.557,0.565,0.96,4,0,18.601
marsh,17,16.968,0.475,1.16,5,2,13.487
marsh,18,23.83,0.577,1.057,0,5,17.249
marsh,19,26.694,0.374,1.235,21,0,20.081
marsh,20,21.565,0.648,1.212,2,1,14.963
marsh,21,21.139,0.592,0.806,4,0,16.072
marsh,22,24.874,0.609,1.256,3,6,12.295
marsh,23,23.66,0.627,1.353,7,0,18.627
marsh,24,20.409,0.505,1.188,3,2,13.063
marsh,25,23.667,0.6,1.076,0,10,14.003
marsh,26,26.715,0.573,1.423,7,4,23.523
marsh,27,24.359,0.615,0.887,2,1,15.78
marsh,28,29.767,0.69,1.166,1,0,19.528
marsh,29,23.687,0.503,1.142,2,7,16.928
marsh,30,21.783,0.468,1.342,5,3,13.971
marsh,31,24.691,0.599,0.972,0,3,17.595
marsh,32,25.125,0.443,0.96,21,0,16.148
marsh,33,25.648,0.556,1.081,6,0,14.754
marsh,34,26.584,0.611,1.053,0,0,17.015
marsh,35,23.096,0.673,0.942,0,12,15.561
marsh,36,23.835,0.44,1.013,5,0,17.445
marsh,37,25.303,0.678,1.366,5,5,16.368
marsh,38,21.429,0.657,0.954,3,1,14.551
marsh,39,24.962,0.588,1.091,7,1,17.863
marsh,40,18.18,0.652,1.313,0,3,17.792
marsh,41,26.529,0.432,1.107,2,0,15.827
marsh,42,20.437,0.589,1.28,3,2,16.319
marsh,43,27.031,0.564,1.11,2,5,17.748
marsh,44,23.456,0.56,1.204,1,5,15.402
marsh,45,24.426,0.337,1.087,7,3,13.068
marsh,46,25.574,0.483,1.3,0,5,18.701
marsh,47,28.971,0.647,1.17,0,2,19.202
marsh,48,27.288,0.694,1.021,0,3,17.317
marsh,49,25.934,0.443,0.609,4,0,17.555
marsh,50,24.397,0.558,1.417,4,0,17.758
marsh,51,23.582,0.483,0.866,8,4,16.302
marsh,52,24.996,0.573,1.255,12,1,17.743
marsh,53,23.84,0.572,1.53,13,1,20.341
marsh,54,23.553,0.73,1.333,0,1,18.195
marsh,55,26.086,0.56,0.658,16,2,17.825
marsh,56,29.98,0.698,1.294,6,2,22.451
marsh,57,19.106,0.642,0.782,7,0,15.271
marsh,58,23.966,0.518,0.811,15,0,17.035
marsh,59,24.249,0.59,0.867,3,3,16.434
marsh,60,27.05,0.331,1.33,5,5,17.31
harbor,1,26.51,0.904,1.231,2,3,21.229
harbor,2,21.154,0.939,1.299,7,7,23.684
harbor,3,24.104,0.843,1.615,4,0,23.427
harbor,4,24.659,0.883,1.011,0,2,18.25
harbor,5,26.956,0.81,1.19,5,0,22.507
harbor,6,26.955,0.846,0.751,13,3,17.867
harbor,7,27.495,0.853,1.621,0,3,21.018
harbor,8,23.302,0.927,1.674,0,0,19.853
harbor,9,27.469,0.833,1.293,10,1,22.123
harbor,10,26.552,0.98,1.494,7,2,24.75
harbor,11,27.4,0.918,1.491,3,6,22.281
harbor,12,23.195,0.791,1.304,4,1,17.698
harbor,13,27.724,0.861,1.733,0,1,25.941
harbor,14,21.68,0.937,1.268,5,0,21.776
harbor,15,28.963,0.836,1.408,3,0,20.619
harbor,16,24.287,0.939,1.439,1,2,22.431
harbor,17,26.479,0.873,1.543,8,2,25.167
harbor,18,24.99,0.96,1.569,10,0,24.64
harbor,19,23.356,0.942,1.559,19,4,24.847
harbor,20,30.73,0.717,1.183,1,0,22.523
harbor,21,20.387,0.827,1.119,13,5,17.547
harbor,22,25.105,0.713,1.575,12,0,18.015
harbor,23,22.277,0.935,1.197,2,1,21.005
harbor,24,26.952,0.882,1.334,1,9,18.262
harbor,25,21.349,0.804,1.398,5,1,19.015
harbor,26,27.852,0.841,1.501,1,3,24.247
harbor,27,31.572,0.815,1.703,7,2,26.957
harbor,28,25.186,0.77,1.574,3,0,21.814
harbor,29,22.351,0.861,1.477,6,1,21.612
harbor,30,21.091,0.754,1.43,1,0,21.826
harbor,31,23.066,0.872,0.787,6,0,19.893
harbor,32,30.641,0.833,1.176,1,0,21.955
harbor,33,28.06,0.805,1.704,0,3,21.277
harbor,34,25.873,0.98,1.456,1,5,22.21
harbor,35,25.147,0.789,1.541,2,6,20.072
harbor,36,19.591,0.972,1.499,12,0,21.227
harbor,37,20.328,0.904,1.515,5,0,22.466
harbor,38,22.274,0.85,1.35,4,2,19.853
harbor,39,28.358,0.98,1.414,11,0,21.818
harbor,40,25.831,0.879,1.317,5,0,23.175
harbor,41,22.599,0.722,1.37,2,0,18.389
harbor,42,27.579,0.814,1.747,7,0,19.584
harbor,43,26.271,0.796,1.608,15,4,21.5
harbor,44,32.015,0.824,0.902,2,0,21.389
harbor,45,22.017,0.894,1.369,2,0,19.67
harbor,46,26.479,0.804,1.087,1,6,22.085
harbor,47,28.402,0.812,1.5,2,2,20.247
harbor,48,29.316,0.98,1.084,5,4,22.905
harbor,49,21.142,0.719,1.317,7,7,18.277
harbor,50,21.338,0.98,1.268,2,4,20.932
harbor,51,25.562,0.832,1.359,4,4,17.024
harbor,52,26.492,0.92,1.517,3,4,21.003
harbor,53,25.166,0.927,1.045,0,8,20.152
harbor,54,24.542,0.949,0.739,3,0,18.101
harbor,55,28.104,0.98,1.054,0,2,23.998
harbor,56,28.706,0.98,1.816,3,1,26.519
harbor,57,31.658,0.744,1.707,5,0,22.659
harbor,58,24.452,0.919,1.094,20,4,20.135
harbor,59,26.985,0.852,1.164,4,3,23.231
harbor,60,26.712,0.799,1.455,1,5,22.12
campus,1,20.837,0.388,0.533,3,0,12.289
campus,2,18.982,0.36,1.047,2,4,9.526
campus,3,23.015,0.233,0.806,7,4,11.92
campus,4,21.423,0.382,0.579,2,2,12.12
campus,5,28.653,0.221,0.485,2,4,12.824
campus,6,19.442,0.333,0.655,7,1,11.034
campus,7,24.051,0.243,0.509,2,2,10.968
campus,8,24.249,0.334,0.808,9,1,12.457
campus,9,26.232,0.395,0.727,7,5,14.777
campus,10,20.717,0.447,0.796,1,0,11.561
campus,11,23.922,0.311,0.86,1,1,11.374
campus,12,25.183,0.435,0.721,0,1,13.693
campus,13,18.965,0.524,0.981,0,2,12.286
campus,14,20.55,0.418,1.073,3,3,10.582
campus,15,23.067,0.287,0.83,0,6,11.04
campus,16,22.355,0.33,0.489,1,1,8.82
campus,17,23.454,0.278,0.86,9,0,10.868
campus,18,14.574,0.322,0.175,4,3,6.193
campus,19,31.245,0.418,0.85,2,7,15.286
campus,20,20.934,0.218,0.553,3,6,7.199
campus,21,23.111,0.269,0.488,1,0,8.4
campus,22,17.306,0.226,0.956,1,3,6.583
campus,23,19.206,0.455,0.334,1,2,7.516
campus,24,23.11,0.291,0.721,2,0,11.772
campus,25,25.861,0.377,0.784,2,0,13.875
campus,26,19.418,0.239,0.722,9,1,14.085
campus,27,26.646,0.409,0.895,12,2,14.095
campus,28,26.826,0.558,0.294,3,0,14.54
campus,29,21.883,0.251,0.6,6,1,11.6
campus,30,23.823,0.472,0.417,1,1,8.717
campus,31,18.227,0.299,0.862,0,1,8.612
campus,32,21.227,0.527,0.933,1,8,11.842
campus,33,26.621,0.418,0.543,0,1,14.88
campus,34,23.856,0.414,0.911,6,4,12.214
campus,35,21.935,0.466,0.611,1,0,10.765
campus,36,25.959,0.488,1.058,9,4,14.075
campus,37,25.233,0.212,0.865,2,2,10.965
campus,38,19.116,0.415,1.005,8,3,14.505
campus,39,20.569,0.435,0.393,2,0,13.327
campus,40,23.345,0.301,0.848,0,3,8.969
campus,41,23.632,0.426,0.638,11,3,11.584
campus,42,20.729,0.343,0.683,0,3,13.461
campus,43,15.769,0.312,0.865,2,6,5.95
campus,44,20.355,0.382,1.041,4,2,12.678
campus,45,19.646,0.434,1.167,3,0,11.32
campus,46,29.939,0.357,0.51,1,0,12.331
campus,47,18.082,0.439,0.902,1,0,8.121
campus,48,22.004,0.401,1.255,9,1,15.855
campus,49,25.182,0.232,0.962,1,1,8.744
campus,50,16.767,0.374,0.924,4,1,12.418
campus,51,29.939,0.297,0.864,2,4,14.541
campus,52,25.438,0.379,0.951,0,0,15.042
campus,53,23.089,0.274,0.176,7,2,6.737
campus,54,26.924,0.355,0.763,1,2,12.018
campus,55,18.058,0.388,1.134,3,1,11.535
campus,56,26.572,0.393,0.575,1,0,12.363
campus,57,27.111,0.445,0.198,2,5,12.744
campus,58,22.593,0.366,0.466,10,2,10.883
campus,59,28.513,0.197,0.783,0,3,11.884
campus,60,22.427,0.264,0.389,0,0,5.903
airfield,1,24.1,0.754,1.437,6,0,20.331
airfield,2,28.303,0.75,1.035,2,1,17.342
airfield,3,20.02,0.681,0.908,5,4,13.751
airfield,4,24.742,0.685,1.135,12,2,19.854
airfield,5,26.594,0.74,1.117,6,1,19.135
airfield,6,28.137,0.619,1.273,5,0,21.39
airfield,7,32.482,0.677,1.369,0,1,18.922
airfield,8,22.152,0.664,1.063,2,3,20.584
airfield,9,23.511,0.708,0.861,10,2,16.76
airfield,10,34.822,0.707,1.172,2,11,21.355
airfield,11,29.756,0.702,1.579,4,3,23.147
airfield,12,22.291,0.633,1.046,9,4,14.78
airfield,13,23.148,0.521,1.277,2,0,15.977
airfield,14,25.0,0.626,1.034,1,2,20.262
airfield,15,28.404,0.773,1.065,8,0,20.629
airfield,16,26.663,0.688,1.371,9,1,21.367
airfield,17,23.263,0.775,1.053,20,8,21.33
airfield,18,24.835,0.766,1.534,0,5,21.89
airfield,19,28.087,0.72,1.357,4,1,19.917
airfield,20,18.966,0.844,1.482,29,0,20.079
airfield,21,25.088,0.697,1.127,4,4,17.111
airfield,22,22.673,0.8,1.127,5,2,20.659
airfield,23,23.575,0.793,1.545,2,0,22.802
airfield,24,27.846,0.791,1.022,3,2,19.606
airfield,25,23.191,0.702,0.974,7,0,19.42
airfield,26,21.077,0.673,0.99,2,4,17.75
airfield,27,23.381,0.704,1.194,0,3,18.432
airfield,28,19.519,0.618,1.49,2,1,18.68
airfield,29,29.975,0.732,1.527,1,1,18.791
airfield,30,23.065,0.701,1.518,1,3,20.188
airfield,31,23.509,0.679,1.209,8,4,19.893
airfield,32,24.135,0.74,1.127,0,0,18.974
airfield,33,15.935,0.619,1.183,2,5,13.337
airfield,34,26.035,0.644,1.671,1,2,20.47
airfield,35,27.744,0.603,1.178,0,2,20.309
airfield,36,16.818,0.742,1.206,3,0,16.711
airfield,37,22.812,0.881,1.408,3,7,21.913
airfield,38,26.623,0.644,1.357,1,0,17.677
airfield,39,27.986,0.792,1.216,5,1,18.669
airfield,40,22.719,0.665,1.322,0,0,19.743
airfield,41,27.124,0.586,1.337,2,0,18.595
airfield,42,24.451,0.791,1.226,14,1,21.221
airfield,43,25.44,0.687,0.927,8,2,18.78
airfield,44,25.775,0.732,1.444,2,1,16.207
airfield,45,26.141,0.806,1.027,0,0,19.69
airfield,46,27.259,0.702,1.112,0,1,17.351
airfield,47,27.002,0.71,1.05,1,4,19.443
airfield,48,26.638,0.796,1.467,2,3,19.223
airfield,49,28.827,0.665,1.656,1,4,22.765
airfield,50,24.694,0.652,1.532,13,1,19.361
airfield,51,25.943,0.844,1.2,4,0,20.804
airfield,52,27.029,0.675,1.329,29,0,23.189
airfield,53,21.099,0.612,1.221,0,7,16.24
airfield,54,26.561,0.617,1.274,6,2,20.133
airfield,55,23.098,0.706,1.051,3,2,20.927
airfield,56,20.969,0.85,0.807,5,1,16.244
airfield,57,26.093,0.892,1.536,6,1,19.677
airfield,58,30.478,0.648,1.28,0,6,21.297
airfield,59,26.069,0.576,1.616,3,2,19.35
airfield,60,29.156,0.686,0.998,9,0,18.73
